simulation_id,point_id,class,date,lat,lon
sim_01,sim_01_negative_001,negative,2024-12-22,40.047441,-84.514648
sim_01,sim_01_negative_002,negative,2024-12-23,40.635038,-84.746342
sim_01,sim_01_negative_003,negative,2024-12-24,40.652682,-84.648042
sim_01,sim_01_negative_004,negative,2024-12-25,40.32326,-84.568782
sim_01,sim_01_negative_005,negative,2024-12-25,40.02373,-84.520474
sim_01,sim_01_negative_006,negative,2024-12-27,39.919418,-84.502064
sim_01,sim_01_negative_007,negative,2024-12-28,39.799134,-84.382604
sim_01,sim_01_negative_008,negative,2024-12-29,40.210531,-84.619113
sim_01,sim_01_negative_009,negative,2024-12-30,40.131147,-84.969424
sim_01,sim_01_negative_010,negative,2024-12-30,40.181272,-84.509726
sim_01,sim_01_negative_011,negative,2025-01-03,40.997292,-84.820238
sim_01,sim_01_negative_012,negative,2025-01-04,40.493362,-85.019061
sim_01,sim_01_negative_013,negative,2025-01-05,40.491798,-85.281129
sim_01,sim_01_negative_014,negative,2025-01-06,40.133731,-84.877972
sim_01,sim_01_negative_015,negative,2025-01-06,40.749703,-84.551613
sim_01,sim_01_negative_016,negative,2025-01-09,40.809203,-85.034956
sim_01,sim_01_negative_017,negative,2025-01-10,40.836392,-85.031332
sim_01,sim_01_negative_018,negative,2025-01-11,40.688615,-84.559884
sim_01,sim_01_negative_019,negative,2025-01-12,40.389687,-85.076163
sim_01,sim_01_negative_020,negative,2025-01-12,40.13175,-84.528353
sim_01,sim_01_negative_021,negative,2025-01-13,40.684942,-85.188235
sim_01,sim_01_negative_022,negative,2025-01-14,40.304278,-84.983724
sim_01,sim_01_negative_023,negative,2025-01-14,40.780838,-84.511108
sim_01,sim_01_negative_024,negative,2025-01-16,39.807359,-84.704211
sim_01,sim_01_negative_025,negative,2025-01-17,40.337621,-84.535942
sim_01,sim_01_negative_026,negative,2025-01-17,40.62329,-84.329887
sim_01,sim_01_negative_027,negative,2025-01-18,40.00696,-84.904471
sim_01,sim_01_negative_028,negative,2025-01-19,40.379834,-84.459333
sim_01,sim_01_negative_029,negative,2025-01-19,40.312883,-84.832838
sim_01,sim_01_negative_030,negative,2025-01-21,40.649614,-84.338935
sim_01,sim_01_negative_031,negative,2025-01-21,40.84498,-84.478241
sim_01,sim_01_negative_032,negative,2025-01-21,39.857607,-84.382745
sim_01,sim_01_negative_033,negative,2025-01-21,40.564747,-84.319523
sim_01,sim_01_negative_034,negative,2025-01-22,40.529396,-84.476439
sim_01,sim_01_negative_035,negative,2025-01-22,40.828092,-85.198531
sim_01,sim_01_negative_036,negative,2025-01-24,40.958802,-84.661951
sim_01,sim_01_negative_037,negative,2025-01-28,40.746749,-84.862554
sim_01,sim_01_negative_038,negative,2025-01-28,40.349972,-85.106368
sim_01,sim_01_negative_039,negative,2025-01-29,40.562552,-84.584665
sim_01,sim_01_negative_040,negative,2025-01-29,40.109815,-84.371394
sim_01,sim_01_negative_041,negative,2025-01-30,39.928919,-84.703328
sim_01,sim_01_negative_042,negative,2025-01-30,40.206256,-84.379749
sim_01,sim_01_negative_043,negative,2025-02-01,40.176431,-84.89661
sim_01,sim_01_negative_044,negative,2025-02-01,39.979279,-84.783311
sim_01,sim_01_negative_045,negative,2025-02-01,40.916882,-84.687137
sim_01,sim_01_negative_046,negative,2025-02-02,39.98348,-84.732555
sim_01,sim_01_negative_047,negative,2025-02-02,40.385498,-84.736603
sim_01,sim_01_negative_048,negative,2025-02-02,39.798653,-84.854828
sim_01,sim_01_negative_049,negative,2025-02-02,40.411159,-84.311947
sim_01,sim_01_negative_050,negative,2025-02-03,40.641996,-84.363132
sim_01,sim_01_negative_051,negative,2025-02-04,39.926619,-84.388329
sim_01,sim_01_negative_052,negative,2025-02-04,40.387462,-84.648312
sim_01,sim_01_negative_053,negative,2025-02-04,40.015453,-84.385152
sim_01,sim_01_negative_054,negative,2025-02-05,40.397531,-84.266156
sim_01,sim_01_negative_055,negative,2025-02-08,40.954254,-85.121557
sim_01,sim_01_negative_056,negative,2025-02-08,40.492688,-84.869238
sim_01,sim_01_negative_057,negative,2025-02-08,40.137377,-84.352899
sim_01,sim_01_negative_058,negative,2025-02-11,40.150344,-84.788138
sim_01,sim_01_negative_059,negative,2025-02-13,40.17924,-84.294527
sim_01,sim_01_negative_060,negative,2025-02-16,40.339792,-85.212055
sim_01,sim_01_negative_061,negative,2025-02-17,40.624178,-85.053654
sim_01,sim_01_negative_062,negative,2025-02-18,39.867127,-84.640336
sim_01,sim_01_negative_063,negative,2025-02-18,39.855216,-84.818529
sim_01,sim_01_negative_064,negative,2025-02-18,40.229315,-85.157383
sim_01,sim_01_negative_065,negative,2025-02-18,40.772099,-84.772513
sim_01,sim_01_negative_066,negative,2025-02-20,40.090525,-84.552611
sim_01,sim_01_negative_067,negative,2025-02-21,40.101718,-84.548609
sim_01,sim_01_negative_068,negative,2025-02-24,40.318598,-84.894547
sim_01,sim_01_negative_069,negative,2025-02-24,40.564816,-84.519525
sim_01,sim_01_negative_070,negative,2025-02-25,40.311277,-84.794878
sim_01,sim_01_negative_071,negative,2025-02-26,40.421569,-84.425227
sim_01,sim_01_negative_072,negative,2025-02-26,40.775464,-84.741504
sim_01,sim_01_negative_073,negative,2025-02-26,39.790897,-84.598873
sim_01,sim_01_negative_074,negative,2025-03-01,40.91755,-84.777535
sim_01,sim_01_negative_075,negative,2025-03-03,40.76424,-84.747417
sim_01,sim_01_negative_076,negative,2025-03-06,39.998526,-84.485337
sim_01,sim_01_negative_077,negative,2025-03-11,40.597594,-85.22629
sim_01,sim_01_negative_078,negative,2025-03-14,40.929664,-84.743865
sim_01,sim_01_positive_001,positive,2024-12-23,40.345574,-84.385352
sim_01,sim_01_positive_002,positive,2024-12-25,40.242323,-84.541919
sim_01,sim_01_positive_003,positive,2024-12-25,40.606737,-85.225484
sim_01,sim_01_positive_004,positive,2024-12-26,40.247641,-84.482613
sim_01,sim_01_positive_005,positive,2024-12-30,40.151591,-84.824787
sim_01,sim_01_positive_006,positive,2025-01-02,40.462197,-85.03723
sim_01,sim_01_positive_007,positive,2025-01-02,40.599834,-84.487992
sim_01,sim_01_positive_008,positive,2025-01-02,39.980872,-84.449908
sim_01,sim_01_positive_009,positive,2025-01-04,40.393783,-84.669137
sim_01,sim_01_positive_010,positive,2025-01-04,39.907253,-84.510444
sim_01,sim_01_positive_011,positive,2025-01-07,40.68667,-85.201524
sim_01,sim_01_positive_012,positive,2025-01-08,40.31789,-84.647911
sim_01,sim_01_positive_013,positive,2025-01-10,40.083511,-84.570044
sim_01,sim_01_positive_014,positive,2025-01-11,40.173015,-84.83974
sim_01,sim_01_positive_015,positive,2025-01-11,40.687334,-84.934589
sim_01,sim_01_positive_016,positive,2025-01-13,40.829386,-84.810167
sim_01,sim_01_positive_017,positive,2025-01-16,40.170238,-84.374069
sim_01,sim_01_positive_018,positive,2025-01-17,40.668735,-84.795473
sim_01,sim_01_positive_019,positive,2025-01-18,40.508699,-84.993789
sim_01,sim_01_positive_020,positive,2025-01-18,40.618978,-84.939214
sim_01,sim_01_positive_021,positive,2025-01-18,40.489812,-84.788301
sim_01,sim_01_positive_022,positive,2025-01-19,40.54528,-84.717446
sim_01,sim_01_positive_023,positive,2025-01-20,40.533774,-84.414988
sim_01,sim_01_positive_024,positive,2025-01-20,40.419549,-84.347354
sim_01,sim_01_positive_025,positive,2025-01-20,40.406933,-85.106778
sim_01,sim_01_positive_026,positive,2025-01-21,40.192888,-84.527204
sim_01,sim_01_positive_027,positive,2025-01-22,40.50002,-84.393124
sim_01,sim_01_positive_028,positive,2025-01-22,40.254124,-84.43971
sim_01,sim_01_positive_029,positive,2025-01-22,40.36009,-84.552722
sim_01,sim_01_positive_030,positive,2025-01-23,40.325171,-84.559138
sim_01,sim_01_positive_031,positive,2025-01-23,40.389546,-84.540012
sim_01,sim_01_positive_032,positive,2025-01-23,39.989581,-84.622807
sim_01,sim_01_positive_033,positive,2025-01-23,40.315438,-84.451168
sim_01,sim_01_positive_034,positive,2025-01-24,40.566035,-84.686967
sim_01,sim_01_positive_035,positive,2025-01-25,40.584787,-84.840087
sim_01,sim_01_positive_036,positive,2025-01-27,40.270163,-84.56984
sim_01,sim_01_positive_037,positive,2025-01-29,40.399994,-85.097141
sim_01,sim_01_positive_038,positive,2025-01-29,40.614751,-84.856614
sim_01,sim_01_positive_039,positive,2025-01-30,40.10059,-84.423592
sim_01,sim_01_positive_040,positive,2025-02-02,40.387454,-84.709318
sim_01,sim_01_positive_041,positive,2025-02-02,40.414857,-84.679779
sim_01,sim_01_positive_042,positive,2025-02-02,40.562964,-84.958822
sim_01,sim_01_positive_043,positive,2025-02-05,40.678724,-84.725763
sim_01,sim_01_positive_044,positive,2025-02-05,40.74143,-84.805972
sim_01,sim_01_positive_045,positive,2025-02-06,40.189458,-84.464174
sim_01,sim_01_positive_046,positive,2025-02-07,40.281045,-84.838268
sim_01,sim_01_positive_047,positive,2025-02-07,40.597911,-84.937756
sim_01,sim_01_positive_048,positive,2025-02-07,40.458257,-84.651703
sim_01,sim_01_positive_049,positive,2025-02-08,40.343585,-84.552974
sim_01,sim_01_positive_050,positive,2025-02-09,40.131802,-84.602489
sim_01,sim_01_positive_051,positive,2025-02-09,41.006154,-85.169021
sim_01,sim_01_positive_052,positive,2025-02-10,40.163935,-84.566472
sim_01,sim_01_positive_053,positive,2025-02-10,40.549872,-84.914815
sim_01,sim_01_positive_054,positive,2025-02-11,40.804115,-85.032335
sim_01,sim_01_positive_055,positive,2025-02-14,40.613042,-85.034079
sim_01,sim_01_positive_056,positive,2025-02-15,41.018883,-85.01532
sim_01,sim_01_positive_057,positive,2025-02-15,40.890247,-84.831407
sim_01,sim_01_positive_058,positive,2025-02-17,40.418103,-84.611608
sim_01,sim_01_positive_059,positive,2025-02-18,40.431769,-84.895326
sim_01,sim_01_positive_060,positive,2025-02-22,40.420772,-84.541422
sim_01,sim_01_positive_061,positive,2025-02-22,40.417193,-84.968097
sim_01,sim_01_positive_062,positive,2025-02-22,40.523724,-84.982376
sim_01,sim_01_positive_063,positive,2025-02-23,40.49785,-84.827218
sim_01,sim_01_positive_064,positive,2025-02-26,40.315445,-84.654635
sim_01,sim_01_positive_065,positive,2025-02-26,40.396148,-84.537446
sim_01,sim_01_positive_066,positive,2025-02-27,40.986404,-84.788666
sim_01,sim_01_positive_067,positive,2025-02-28,40.330821,-84.433627
sim_01,sim_01_positive_068,positive,2025-03-02,39.967339,-84.427823
sim_01,sim_01_positive_069,positive,2025-03-05,40.330677,-84.591272
sim_01,sim_01_positive_070,positive,2025-03-06,40.469525,-84.897726
sim_01,sim_01_positive_071,positive,2025-03-07,40.082538,-84.727085
sim_01,sim_01_positive_072,positive,2025-03-07,40.746082,-84.943637
sim_01,sim_01_positive_073,positive,2025-03-08,40.849233,-85.119274
sim_01,sim_01_positive_074,positive,2025-03-08,40.499858,-84.609509
sim_01,sim_01_positive_075,positive,2025-03-08,40.222981,-84.50483
sim_01,sim_01_positive_076,positive,2025-03-11,40.597481,-84.94502
sim_01,sim_01_positive_077,positive,2025-03-13,40.440472,-84.651846
sim_01,sim_01_positive_078,positive,2025-03-16,40.235678,-84.622366
sim_02,sim_02_negative_001,negative,2024-12-22,40.963208,-84.913545
sim_02,sim_02_negative_002,negative,2024-12-24,40.675119,-84.891139
sim_02,sim_02_negative_003,negative,2024-12-27,40.291309,-85.333569
sim_02,sim_02_negative_004,negative,2024-12-27,40.480611,-84.65997
sim_02,sim_02_negative_005,negative,2024-12-28,40.132583,-84.938615
sim_02,sim_02_negative_006,negative,2024-12-30,40.385667,-84.397079
sim_02,sim_02_negative_007,negative,2024-12-30,39.954907,-84.52309
sim_02,sim_02_negative_008,negative,2025-01-06,40.172639,-84.886103
sim_02,sim_02_negative_009,negative,2025-01-06,39.860338,-84.76793
sim_02,sim_02_negative_010,negative,2025-01-09,40.282796,-85.279457
sim_02,sim_02_negative_011,negative,2025-01-10,40.775389,-84.335378
sim_02,sim_02_negative_012,negative,2025-01-12,40.033999,-84.671287
sim_02,sim_02_negative_013,negative,2025-01-14,40.31437,-85.210543
sim_02,sim_02_negative_014,negative,2025-01-15,40.279922,-84.280513
sim_02,sim_02_negative_015,negative,2025-01-16,40.688984,-84.481966
sim_02,sim_02_negative_016,negative,2025-01-16,40.996238,-84.904731
sim_02,sim_02_negative_017,negative,2025-01-16,40.995509,-85.045075
sim_02,sim_02_negative_018,negative,2025-01-17,40.800303,-84.543605
sim_02,sim_02_negative_019,negative,2025-01-17,40.33517,-84.971347
sim_02,sim_02_negative_020,negative,2025-01-18,40.306827,-85.002519
sim_02,sim_02_negative_021,negative,2025-01-20,40.992412,-85.202007
sim_02,sim_02_negative_022,negative,2025-01-20,40.263782,-85.274608
sim_02,sim_02_negative_023,negative,2025-01-20,40.266321,-85.157911
sim_02,sim_02_negative_024,negative,2025-01-20,39.98273,-84.735016
sim_02,sim_02_negative_025,negative,2025-01-21,40.085066,-84.952292
sim_02,sim_02_negative_026,negative,2025-01-21,40.265569,-84.83349
sim_02,sim_02_negative_027,negative,2025-01-21,40.328506,-84.290451
sim_02,sim_02_negative_028,negative,2025-01-21,40.033475,-84.559295
sim_02,sim_02_negative_029,negative,2025-01-21,39.820799,-84.563744
sim_02,sim_02_negative_030,negative,2025-01-22,39.909597,-84.655693
sim_02,sim_02_negative_031,negative,2025-01-22,40.637838,-84.669428
sim_02,sim_02_negative_032,negative,2025-01-23,40.292265,-85.246296
sim_02,sim_02_negative_033,negative,2025-01-23,40.383092,-84.997021
sim_02,sim_02_negative_034,negative,2025-01-23,40.451616,-84.830539
sim_02,sim_02_negative_035,negative,2025-01-24,40.973003,-84.673332
sim_02,sim_02_negative_036,negative,2025-01-24,40.534149,-85.030662
sim_02,sim_02_negative_037,negative,2025-01-24,40.652707,-84.810483
sim_02,sim_02_negative_038,negative,2025-01-25,40.184147,-84.82535
sim_02,sim_02_negative_039,negative,2025-01-26,40.281681,-85.337838
sim_02,sim_02_negative_040,negative,2025-01-26,40.958293,-84.691321
sim_02,sim_02_negative_041,negative,2025-01-27,41.04627,-85.057535
sim_02,sim_02_negative_042,negative,2025-01-27,40.767826,-85.143823
sim_02,sim_02_negative_043,negative,2025-01-28,40.118627,-84.41463
sim_02,sim_02_negative_044,negative,2025-01-30,40.567229,-84.443129
sim_02,sim_02_negative_045,negative,2025-01-30,40.295876,-85.334677
sim_02,sim_02_negative_046,negative,2025-02-01,40.208121,-84.782548
sim_02,sim_02_negative_047,negative,2025-02-03,40.186314,-85.224711
sim_02,sim_02_negative_048,negative,2025-02-03,40.406305,-85.352694
sim_02,sim_02_negative_049,negative,2025-02-03,40.381354,-84.377879
sim_02,sim_02_negative_050,negative,2025-02-04,40.193871,-85.124763
sim_02,sim_02_negative_051,negative,2025-02-06,39.973447,-84.516854
sim_02,sim_02_negative_052,negative,2025-02-06,40.731044,-84.580844
sim_02,sim_02_negative_053,negative,2025-02-07,40.386277,-84.4434
sim_02,sim_02_negative_054,negative,2025-02-08,40.198269,-84.261132
sim_02,sim_02_negative_055,negative,2025-02-09,40.321281,-85.285422
sim_02,sim_02_negative_056,negative,2025-02-13,40.437343,-84.338686
sim_02,sim_02_negative_057,negative,2025-02-14,40.17995,-84.700353
sim_02,sim_02_negative_058,negative,2025-02-14,40.3514,-84.990784
sim_02,sim_02_negative_059,negative,2025-02-18,40.749457,-84.574767
sim_02,sim_02_negative_060,negative,2025-02-19,40.460058,-85.122772
sim_02,sim_02_negative_061,negative,2025-02-22,40.233465,-84.406346
sim_02,sim_02_negative_062,negative,2025-02-23,40.329646,-85.237065
sim_02,sim_02_negative_063,negative,2025-02-23,40.477745,-85.255874
sim_02,sim_02_negative_064,negative,2025-02-24,39.869153,-84.772881
sim_02,sim_02_negative_065,negative,2025-02-24,40.698474,-84.384048
sim_02,sim_02_negative_066,negative,2025-02-25,40.94921,-84.706718
sim_02,sim_02_negative_067,negative,2025-02-26,40.656649,-84.714353
sim_02,sim_02_negative_068,negative,2025-03-02,40.735361,-84.723513
sim_02,sim_02_negative_069,negative,2025-03-04,40.097185,-84.36072
sim_02,sim_02_negative_070,negative,2025-03-04,40.188417,-85.209287
sim_02,sim_02_negative_071,negative,2025-03-04,40.900485,-84.973962
sim_02,sim_02_negative_072,negative,2025-03-07,40.340888,-84.735104
sim_02,sim_02_negative_073,negative,2025-03-09,40.455007,-84.345575
sim_02,sim_02_negative_074,negative,2025-03-10,40.916675,-84.791935
sim_02,sim_02_negative_075,negative,2025-03-15,40.520403,-84.689992
sim_02,sim_02_negative_076,negative,2025-03-15,40.260265,-84.896691
sim_02,sim_02_negative_077,negative,2025-03-16,40.835647,-84.942084
sim_02,sim_02_negative_078,negative,2025-03-16,40.59871,-85.291184
sim_02,sim_02_positive_001,positive,2024-12-23,40.37299,-84.69567
sim_02,sim_02_positive_002,positive,2024-12-27,40.347285,-84.817162
sim_02,sim_02_positive_003,positive,2024-12-29,40.629621,-84.98996
sim_02,sim_02_positive_004,positive,2024-12-30,40.120042,-84.891077
sim_02,sim_02_positive_005,positive,2024-12-31,40.760655,-84.894269
sim_02,sim_02_positive_006,positive,2024-12-31,40.257302,-84.607541
sim_02,sim_02_positive_007,positive,2025-01-03,39.788885,-84.389784
sim_02,sim_02_positive_008,positive,2025-01-04,40.316721,-84.757464
sim_02,sim_02_positive_009,positive,2025-01-07,40.304351,-84.726228
sim_02,sim_02_positive_010,positive,2025-01-07,40.673346,-84.858626
sim_02,sim_02_positive_011,positive,2025-01-07,40.586831,-84.644768
sim_02,sim_02_positive_012,positive,2025-01-09,40.260614,-84.550986
sim_02,sim_02_positive_013,positive,2025-01-09,40.673376,-85.021325
sim_02,sim_02_positive_014,positive,2025-01-11,40.148605,-84.497226
sim_02,sim_02_positive_015,positive,2025-01-11,40.414689,-84.820119
sim_02,sim_02_positive_016,positive,2025-01-12,40.631071,-84.793939
sim_02,sim_02_positive_017,positive,2025-01-13,40.331793,-84.621566
sim_02,sim_02_positive_018,positive,2025-01-15,40.406346,-84.48047
sim_02,sim_02_positive_019,positive,2025-01-15,40.286052,-84.954143
sim_02,sim_02_positive_020,positive,2025-01-15,40.563303,-84.884309
sim_02,sim_02_positive_021,positive,2025-01-15,40.64272,-85.178915
sim_02,sim_02_positive_022,positive,2025-01-17,40.127294,-84.43662
sim_02,sim_02_positive_023,positive,2025-01-17,40.387487,-84.712816
sim_02,sim_02_positive_024,positive,2025-01-18,40.847653,-84.532444
sim_02,sim_02_positive_025,positive,2025-01-18,40.703897,-84.946356
sim_02,sim_02_positive_026,positive,2025-01-18,40.81273,-85.039145
sim_02,sim_02_positive_027,positive,2025-01-18,40.450173,-85.115742
sim_02,sim_02_positive_028,positive,2025-01-20,40.619349,-84.520551
sim_02,sim_02_positive_029,positive,2025-01-20,40.297615,-84.66464
sim_02,sim_02_positive_030,positive,2025-01-20,40.496613,-84.620214
sim_02,sim_02_positive_031,positive,2025-01-21,40.359302,-84.714731
sim_02,sim_02_positive_032,positive,2025-01-24,40.392286,-84.815951
sim_02,sim_02_positive_033,positive,2025-01-24,40.611878,-84.509682
sim_02,sim_02_positive_034,positive,2025-01-24,40.293198,-84.681413
sim_02,sim_02_positive_035,positive,2025-01-27,40.41275,-84.58447
sim_02,sim_02_positive_036,positive,2025-01-27,40.023497,-84.376161
sim_02,sim_02_positive_037,positive,2025-01-27,40.425387,-84.539883
sim_02,sim_02_positive_038,positive,2025-01-28,40.489705,-84.958085
sim_02,sim_02_positive_039,positive,2025-01-29,40.467784,-84.606208
sim_02,sim_02_positive_040,positive,2025-01-30,40.609481,-84.779491
sim_02,sim_02_positive_041,positive,2025-01-30,40.328298,-84.709236
sim_02,sim_02_positive_042,positive,2025-01-31,40.385066,-84.963122
sim_02,sim_02_positive_043,positive,2025-01-31,40.476128,-85.006721
sim_02,sim_02_positive_044,positive,2025-02-01,40.318785,-84.856205
sim_02,sim_02_positive_045,positive,2025-02-01,40.298943,-85.004111
sim_02,sim_02_positive_046,positive,2025-02-02,40.448149,-84.804197
sim_02,sim_02_positive_047,positive,2025-02-02,40.697937,-84.933434
sim_02,sim_02_positive_048,positive,2025-02-03,40.470378,-84.654025
sim_02,sim_02_positive_049,positive,2025-02-03,40.395889,-84.512176
sim_02,sim_02_positive_050,positive,2025-02-05,39.871094,-84.617749
sim_02,sim_02_positive_051,positive,2025-02-05,40.22021,-84.818259
sim_02,sim_02_positive_052,positive,2025-02-07,40.339113,-84.652955
sim_02,sim_02_positive_053,positive,2025-02-08,40.552242,-84.93444
sim_02,sim_02_positive_054,positive,2025-02-09,40.440262,-84.877699
sim_02,sim_02_positive_055,positive,2025-02-09,40.234913,-84.730409
sim_02,sim_02_positive_056,positive,2025-02-10,40.819126,-84.979236
sim_02,sim_02_positive_057,positive,2025-02-10,40.760324,-84.838226
sim_02,sim_02_positive_058,positive,2025-02-13,40.417815,-85.059588
sim_02,sim_02_positive_059,positive,2025-02-14,40.329927,-84.608122
sim_02,sim_02_positive_060,positive,2025-02-14,40.210266,-84.672498
sim_02,sim_02_positive_061,positive,2025-02-15,40.026357,-84.368578
sim_02,sim_02_positive_062,positive,2025-02-16,40.294061,-84.745617
sim_02,sim_02_positive_063,positive,2025-02-16,40.409382,-84.544031
sim_02,sim_02_positive_064,positive,2025-02-16,40.470483,-84.898871
sim_02,sim_02_positive_065,positive,2025-02-21,40.079963,-84.472475
sim_02,sim_02_positive_066,positive,2025-02-22,40.521512,-84.788042
sim_02,sim_02_positive_067,positive,2025-02-22,40.61159,-84.983309
sim_02,sim_02_positive_068,positive,2025-02-25,40.238466,-84.809909
sim_02,sim_02_positive_069,positive,2025-02-27,40.227714,-84.346215
sim_02,sim_02_positive_070,positive,2025-03-01,40.856692,-85.128578
sim_02,sim_02_positive_071,positive,2025-03-02,40.737017,-84.893087
sim_02,sim_02_positive_072,positive,2025-03-03,40.644953,-84.953313
sim_02,sim_02_positive_073,positive,2025-03-04,40.082183,-84.534432
sim_02,sim_02_positive_074,positive,2025-03-05,40.094654,-84.842416
sim_02,sim_02_positive_075,positive,2025-03-05,40.616404,-84.691372
sim_02,sim_02_positive_076,positive,2025-03-08,40.684507,-84.669719
sim_02,sim_02_positive_077,positive,2025-03-09,40.59034,-85.149863
sim_02,sim_02_positive_078,positive,2025-03-15,40.58935,-84.699774
sim_03,sim_03_negative_001,negative,2024-12-23,40.913592,-84.818131
sim_03,sim_03_negative_002,negative,2024-12-25,40.313854,-84.418792
sim_03,sim_03_negative_003,negative,2024-12-30,40.078838,-84.676636
sim_03,sim_03_negative_004,negative,2024-12-30,40.913285,-84.710412
sim_03,sim_03_negative_005,negative,2025-01-01,40.665348,-84.708192
sim_03,sim_03_negative_006,negative,2025-01-02,40.007754,-84.835463
sim_03,sim_03_negative_007,negative,2025-01-02,40.078397,-84.388263
sim_03,sim_03_negative_008,negative,2025-01-02,39.96226,-84.688246
sim_03,sim_03_negative_009,negative,2025-01-03,39.884465,-84.371322
sim_03,sim_03_negative_010,negative,2025-01-03,40.950613,-85.06799
sim_03,sim_03_negative_011,negative,2025-01-04,40.3358,-85.215389
sim_03,sim_03_negative_012,negative,2025-01-05,40.886929,-85.120169
sim_03,sim_03_negative_013,negative,2025-01-06,40.349186,-84.320325
sim_03,sim_03_negative_014,negative,2025-01-06,40.612844,-84.493921
sim_03,sim_03_negative_015,negative,2025-01-07,40.386337,-85.004402
sim_03,sim_03_negative_016,negative,2025-01-08,40.008975,-84.488146
sim_03,sim_03_negative_017,negative,2025-01-09,40.090939,-84.367352
sim_03,sim_03_negative_018,negative,2025-01-11,39.870061,-84.476792
sim_03,sim_03_negative_019,negative,2025-01-12,40.466803,-84.812784
sim_03,sim_03_negative_020,negative,2025-01-13,40.706847,-84.661824
sim_03,sim_03_negative_021,negative,2025-01-15,40.438448,-84.844887
sim_03,sim_03_negative_022,negative,2025-01-15,40.468146,-84.556975
sim_03,sim_03_negative_023,negative,2025-01-16,40.757043,-85.127826
sim_03,sim_03_negative_024,negative,2025-01-17,40.844477,-84.993751
sim_03,sim_03_negative_025,negative,2025-01-18,40.785524,-84.901312
sim_03,sim_03_negative_026,negative,2025-01-19,41.005248,-85.012881
sim_03,sim_03_negative_027,negative,2025-01-19,40.267739,-84.503573
sim_03,sim_03_negative_028,negative,2025-01-19,40.846689,-85.129626
sim_03,sim_03_negative_029,negative,2025-01-19,40.918694,-84.683812
sim_03,sim_03_negative_030,negative,2025-01-20,39.894992,-84.744985
sim_03,sim_03_negative_031,negative,2025-01-22,40.387556,-85.079519
sim_03,sim_03_negative_032,negative,2025-01-22,40.765376,-84.68586
sim_03,sim_03_negative_033,negative,2025-01-22,40.844245,-85.05837
sim_03,sim_03_negative_034,negative,2025-01-23,40.742982,-84.610043
sim_03,sim_03_negative_035,negative,2025-01-23,39.894342,-84.83621
sim_03,sim_03_negative_036,negative,2025-01-25,40.763589,-85.017216
sim_03,sim_03_negative_037,negative,2025-01-25,40.851793,-84.761253
sim_03,sim_03_negative_038,negative,2025-01-26,39.826134,-84.586604
sim_03,sim_03_negative_039,negative,2025-01-27,40.367928,-84.632118
sim_03,sim_03_negative_040,negative,2025-01-28,39.907969,-84.313373
sim_03,sim_03_negative_041,negative,2025-01-28,40.10316,-84.485009
sim_03,sim_03_negative_042,negative,2025-01-28,40.5947,-85.249736
sim_03,sim_03_negative_043,negative,2025-01-28,40.985956,-84.732811
sim_03,sim_03_negative_044,negative,2025-01-30,40.98635,-84.747629
sim_03,sim_03_negative_045,negative,2025-02-01,40.291975,-84.75923
sim_03,sim_03_negative_046,negative,2025-02-01,40.859256,-84.710417
sim_03,sim_03_negative_047,negative,2025-02-02,40.658561,-85.325285
sim_03,sim_03_negative_048,negative,2025-02-02,40.640054,-84.615759
sim_03,sim_03_negative_049,negative,2025-02-03,40.515827,-84.841462
sim_03,sim_03_negative_050,negative,2025-02-03,40.451107,-84.983653
sim_03,sim_03_negative_051,negative,2025-02-04,40.522218,-84.757522
sim_03,sim_03_negative_052,negative,2025-02-05,40.614629,-85.093435
sim_03,sim_03_negative_053,negative,2025-02-08,40.559146,-85.119024
sim_03,sim_03_negative_054,negative,2025-02-09,40.701274,-84.614831
sim_03,sim_03_negative_055,negative,2025-02-09,40.714939,-84.755408
sim_03,sim_03_negative_056,negative,2025-02-09,40.484014,-84.438908
sim_03,sim_03_negative_057,negative,2025-02-09,40.85861,-85.129915
sim_03,sim_03_negative_058,negative,2025-02-10,40.346754,-84.955236
sim_03,sim_03_negative_059,negative,2025-02-11,40.10543,-84.913139
sim_03,sim_03_negative_060,negative,2025-02-11,40.564319,-84.511001
sim_03,sim_03_negative_061,negative,2025-02-11,40.713769,-84.845215
sim_03,sim_03_negative_062,negative,2025-02-15,40.534372,-84.748286
sim_03,sim_03_negative_063,negative,2025-02-16,40.513862,-85.02517
sim_03,sim_03_negative_064,negative,2025-02-17,40.493657,-84.620813
sim_03,sim_03_negative_065,negative,2025-02-18,40.31528,-84.398491
sim_03,sim_03_negative_066,negative,2025-02-18,40.021592,-84.70153
sim_03,sim_03_negative_067,negative,2025-02-20,39.83102,-84.511528
sim_03,sim_03_negative_068,negative,2025-02-27,40.707532,-85.084386
sim_03,sim_03_negative_069,negative,2025-03-01,40.290498,-85.191957
sim_03,sim_03_negative_070,negative,2025-03-01,40.994398,-84.884742
sim_03,sim_03_negative_071,negative,2025-03-01,40.807456,-84.570286
sim_03,sim_03_negative_072,negative,2025-03-01,40.946898,-85.166412
sim_03,sim_03_negative_073,negative,2025-03-03,40.779833000000004,-85.157916
sim_03,sim_03_negative_074,negative,2025-03-04,40.496284,-84.514091
sim_03,sim_03_negative_075,negative,2025-03-04,39.906737,-84.317492
sim_03,sim_03_negative_076,negative,2025-03-04,40.756315,-85.021195
sim_03,sim_03_negative_077,negative,2025-03-05,39.92865,-84.451913
sim_03,sim_03_negative_078,negative,2025-03-14,39.984512,-84.376654
sim_03,sim_03_positive_001,positive,2024-12-24,40.326041,-84.884006
sim_03,sim_03_positive_002,positive,2024-12-25,40.375089,-84.706062
sim_03,sim_03_positive_003,positive,2024-12-28,40.574708,-85.018802
sim_03,sim_03_positive_004,positive,2024-12-29,40.523509,-84.613389
sim_03,sim_03_positive_005,positive,2024-12-29,40.544087,-84.897509
sim_03,sim_03_positive_006,positive,2024-12-30,40.585776,-84.849226
sim_03,sim_03_positive_007,positive,2024-12-30,40.170919,-84.606543
sim_03,sim_03_positive_008,positive,2025-01-02,40.34223,-84.716405
sim_03,sim_03_positive_009,positive,2025-01-03,40.42468,-84.84618
sim_03,sim_03_positive_010,positive,2025-01-06,40.11512,-84.393525
sim_03,sim_03_positive_011,positive,2025-01-06,40.826703,-84.91153
sim_03,sim_03_positive_012,positive,2025-01-07,40.026619,-84.887187
sim_03,sim_03_positive_013,positive,2025-01-10,40.713969,-84.896575
sim_03,sim_03_positive_014,positive,2025-01-12,40.578739,-84.674402
sim_03,sim_03_positive_015,positive,2025-01-16,40.316652,-84.745942
sim_03,sim_03_positive_016,positive,2025-01-16,40.20364,-84.929318
sim_03,sim_03_positive_017,positive,2025-01-17,40.466956,-84.83896
sim_03,sim_03_positive_018,positive,2025-01-18,40.752675,-84.581896
sim_03,sim_03_positive_019,positive,2025-01-18,40.109271,-84.463479
sim_03,sim_03_positive_020,positive,2025-01-18,40.38423,-85.036847
sim_03,sim_03_positive_021,positive,2025-01-18,40.42655,-84.677093
sim_03,sim_03_positive_022,positive,2025-01-19,40.61364,-84.824566
sim_03,sim_03_positive_023,positive,2025-01-19,40.064358,-84.526821
sim_03,sim_03_positive_024,positive,2025-01-19,39.985686,-84.734811
sim_03,sim_03_positive_025,positive,2025-01-21,40.257731,-84.378548
sim_03,sim_03_positive_026,positive,2025-01-21,40.524486,-85.093971
sim_03,sim_03_positive_027,positive,2025-01-22,40.628606,-84.548926
sim_03,sim_03_positive_028,positive,2025-01-22,40.537289,-84.880855
sim_03,sim_03_positive_029,positive,2025-01-23,40.247358,-84.760983
sim_03,sim_03_positive_030,positive,2025-01-25,40.563331,-84.999774
sim_03,sim_03_positive_031,positive,2025-01-25,40.376791,-84.671172
sim_03,sim_03_positive_032,positive,2025-01-26,40.803429,-84.845782
sim_03,sim_03_positive_033,positive,2025-01-26,40.348628,-84.476664
sim_03,sim_03_positive_034,positive,2025-01-27,40.904508,-84.98341
sim_03,sim_03_positive_035,positive,2025-01-27,40.538341,-84.566881
sim_03,sim_03_positive_036,positive,2025-01-28,40.489961,-84.979507
sim_03,sim_03_positive_037,positive,2025-01-28,40.475522,-84.663048
sim_03,sim_03_positive_038,positive,2025-01-31,40.616096,-84.935239
sim_03,sim_03_positive_039,positive,2025-02-02,40.486753,-85.296149
sim_03,sim_03_positive_040,positive,2025-02-02,40.379038,-85.047202
sim_03,sim_03_positive_041,positive,2025-02-03,40.206491,-84.585397
sim_03,sim_03_positive_042,positive,2025-02-05,40.676177,-84.997077
sim_03,sim_03_positive_043,positive,2025-02-09,40.34425,-84.558373
sim_03,sim_03_positive_044,positive,2025-02-09,40.454519,-84.617762
sim_03,sim_03_positive_045,positive,2025-02-10,40.515311,-84.739325
sim_03,sim_03_positive_046,positive,2025-02-10,39.862693,-84.78294
sim_03,sim_03_positive_047,positive,2025-02-10,40.642929,-84.959054
sim_03,sim_03_positive_048,positive,2025-02-11,40.5728,-84.897835
sim_03,sim_03_positive_049,positive,2025-02-11,40.407585,-84.461558
sim_03,sim_03_positive_050,positive,2025-02-12,40.241884,-84.57697
sim_03,sim_03_positive_051,positive,2025-02-13,40.392844,-84.560827
sim_03,sim_03_positive_052,positive,2025-02-13,40.605728,-84.450611
sim_03,sim_03_positive_053,positive,2025-02-14,40.486114,-84.736149
sim_03,sim_03_positive_054,positive,2025-02-14,40.503809,-84.564966
sim_03,sim_03_positive_055,positive,2025-02-14,40.161594,-84.519465
sim_03,sim_03_positive_056,positive,2025-02-15,40.235686,-84.500177
sim_03,sim_03_positive_057,positive,2025-02-16,40.475236,-84.892667
sim_03,sim_03_positive_058,positive,2025-02-17,40.557656,-84.879533
sim_03,sim_03_positive_059,positive,2025-02-17,40.294808,-84.92953
sim_03,sim_03_positive_060,positive,2025-02-17,40.04846,-84.446683
sim_03,sim_03_positive_061,positive,2025-02-18,40.232902,-84.803952
sim_03,sim_03_positive_062,positive,2025-02-22,40.218403,-84.401309
sim_03,sim_03_positive_063,positive,2025-02-24,40.187217,-84.36349
sim_03,sim_03_positive_064,positive,2025-02-24,40.1421,-84.432067
sim_03,sim_03_positive_065,positive,2025-02-24,40.320754,-84.77571
sim_03,sim_03_positive_066,positive,2025-02-25,40.402714,-84.825547
sim_03,sim_03_positive_067,positive,2025-02-27,40.497417,-84.577763
sim_03,sim_03_positive_068,positive,2025-02-28,40.20291,-84.48779
sim_03,sim_03_positive_069,positive,2025-02-28,40.101165,-84.665506
sim_03,sim_03_positive_070,positive,2025-02-28,40.341534,-84.728751
sim_03,sim_03_positive_071,positive,2025-03-01,40.508024,-85.05676
sim_03,sim_03_positive_072,positive,2025-03-03,40.006277,-84.248929
sim_03,sim_03_positive_073,positive,2025-03-03,40.378323,-84.682532
sim_03,sim_03_positive_074,positive,2025-03-05,40.350461,-84.733744
sim_03,sim_03_positive_075,positive,2025-03-08,39.973113,-84.372325
sim_03,sim_03_positive_076,positive,2025-03-09,40.816097,-85.105905
sim_03,sim_03_positive_077,positive,2025-03-11,40.164421,-84.348687
sim_03,sim_03_positive_078,positive,2025-03-13,40.55107,-84.995346
sim_04,sim_04_negative_001,negative,2024-12-22,41.026752,-84.878418
sim_04,sim_04_negative_002,negative,2024-12-23,40.356473,-85.203973
sim_04,sim_04_negative_003,negative,2024-12-24,40.149658,-84.257556
sim_04,sim_04_negative_004,negative,2024-12-25,40.526021,-84.48026
sim_04,sim_04_negative_005,negative,2024-12-27,40.920457,-84.992641
sim_04,sim_04_negative_006,negative,2024-12-27,40.677618,-84.453568
sim_04,sim_04_negative_007,negative,2024-12-28,40.574733,-84.301743
sim_04,sim_04_negative_008,negative,2024-12-28,40.660662,-84.797555
sim_04,sim_04_negative_009,negative,2024-12-29,40.435072,-84.424453
sim_04,sim_04_negative_010,negative,2024-12-29,40.15846,-84.672411
sim_04,sim_04_negative_011,negative,2024-12-31,40.075909,-84.601778
sim_04,sim_04_negative_012,negative,2025-01-02,40.275983,-85.153083
sim_04,sim_04_negative_013,negative,2025-01-02,40.252212,-85.264405
sim_04,sim_04_negative_014,negative,2025-01-07,40.46878,-84.406831
sim_04,sim_04_negative_015,negative,2025-01-08,40.189153,-84.875967
sim_04,sim_04_negative_016,negative,2025-01-08,40.489498,-85.185442
sim_04,sim_04_negative_017,negative,2025-01-08,40.827861,-84.349813
sim_04,sim_04_negative_018,negative,2025-01-10,39.923395,-84.673885
sim_04,sim_04_negative_019,negative,2025-01-12,40.451545,-85.051431
sim_04,sim_04_negative_020,negative,2025-01-14,40.001486,-84.96094
sim_04,sim_04_negative_021,negative,2025-01-15,40.63167,-84.459801
sim_04,sim_04_negative_022,negative,2025-01-17,40.19566,-85.287602
sim_04,sim_04_negative_023,negative,2025-01-17,39.900467,-84.295058
sim_04,sim_04_negative_024,negative,2025-01-17,40.7508,-85.184749
sim_04,sim_04_negative_025,negative,2025-01-17,39.805042,-84.385279
sim_04,sim_04_negative_026,negative,2025-01-17,40.185751,-84.531463
sim_04,sim_04_negative_027,negative,2025-01-17,40.753863,-85.050006
sim_04,sim_04_negative_028,negative,2025-01-17,39.947313,-84.880959
sim_04,sim_04_negative_029,negative,2025-01-18,40.364804,-84.660892
sim_04,sim_04_negative_030,negative,2025-01-19,40.518873,-84.912423
sim_04,sim_04_negative_031,negative,2025-01-21,39.833156,-84.817193
sim_04,sim_04_negative_032,negative,2025-01-23,40.663674,-84.613348
sim_04,sim_04_negative_033,negative,2025-01-23,40.222391,-84.468903
sim_04,sim_04_negative_034,negative,2025-01-24,40.13998,-84.810987
sim_04,sim_04_negative_035,negative,2025-01-24,40.537949,-84.564573
sim_04,sim_04_negative_036,negative,2025-01-25,40.588959,-84.932824
sim_04,sim_04_negative_037,negative,2025-01-25,40.630271,-84.502015
sim_04,sim_04_negative_038,negative,2025-01-26,40.380107,-84.761474
sim_04,sim_04_negative_039,negative,2025-01-26,40.797297,-84.741713
sim_04,sim_04_negative_040,negative,2025-01-27,40.196362,-84.552511
sim_04,sim_04_negative_041,negative,2025-01-27,40.668451,-84.522256
sim_04,sim_04_negative_042,negative,2025-01-27,40.320314,-84.610285
sim_04,sim_04_negative_043,negative,2025-01-27,40.043856,-84.443015
sim_04,sim_04_negative_044,negative,2025-01-27,40.457512,-84.736486
sim_04,sim_04_negative_045,negative,2025-01-27,39.858659,-84.906277
sim_04,sim_04_negative_046,negative,2025-01-27,40.551708,-84.463598
sim_04,sim_04_negative_047,negative,2025-01-28,40.534012,-84.619706
sim_04,sim_04_negative_048,negative,2025-01-28,40.82475,-84.358155
sim_04,sim_04_negative_049,negative,2025-01-29,40.845964,-85.122418
sim_04,sim_04_negative_050,negative,2025-01-30,40.405063,-84.455124
sim_04,sim_04_negative_051,negative,2025-02-01,40.834717,-84.364715
sim_04,sim_04_negative_052,negative,2025-02-01,40.93047,-85.246376
sim_04,sim_04_negative_053,negative,2025-02-04,40.783454,-84.890341
sim_04,sim_04_negative_054,negative,2025-02-05,40.515999,-84.61127
sim_04,sim_04_negative_055,negative,2025-02-08,40.237032,-84.668264
sim_04,sim_04_negative_056,negative,2025-02-09,40.37067,-85.149862
sim_04,sim_04_negative_057,negative,2025-02-10,40.880721,-84.88212
sim_04,sim_04_negative_058,negative,2025-02-10,40.434969,-84.546302
sim_04,sim_04_negative_059,negative,2025-02-10,40.023095,-84.493745
sim_04,sim_04_negative_060,negative,2025-02-11,40.262187,-84.787103
sim_04,sim_04_negative_061,negative,2025-02-13,40.303901,-85.19827
sim_04,sim_04_negative_062,negative,2025-02-14,39.970153,-84.320332
sim_04,sim_04_negative_063,negative,2025-02-14,40.999113,-84.793491
sim_04,sim_04_negative_064,negative,2025-02-16,40.895974,-84.768759
sim_04,sim_04_negative_065,negative,2025-02-16,40.091116,-84.908652
sim_04,sim_04_negative_066,negative,2025-02-17,40.654164,-84.9289
sim_04,sim_04_negative_067,negative,2025-02-17,40.154316,-84.331708
sim_04,sim_04_negative_068,negative,2025-02-17,39.921057,-84.652892
sim_04,sim_04_negative_069,negative,2025-02-22,40.26759,-84.465072
sim_04,sim_04_negative_070,negative,2025-02-23,40.51403,-85.304368
sim_04,sim_04_negative_071,negative,2025-02-24,40.625315,-84.809138
sim_04,sim_04_negative_072,negative,2025-02-25,40.208316,-84.746162
sim_04,sim_04_negative_073,negative,2025-02-26,40.820662,-84.615971
sim_04,sim_04_negative_074,negative,2025-03-02,40.739256,-84.360439
sim_04,sim_04_negative_075,negative,2025-03-03,40.453897,-84.405004
sim_04,sim_04_negative_076,negative,2025-03-07,40.094589,-84.356184
sim_04,sim_04_negative_077,negative,2025-03-10,40.070708,-84.672199
sim_04,sim_04_negative_078,negative,2025-03-10,40.219442,-85.171943
sim_04,sim_04_positive_001,positive,2024-12-22,39.940448,-84.451943
sim_04,sim_04_positive_002,positive,2024-12-23,39.938653,-84.819559
sim_04,sim_04_positive_003,positive,2024-12-24,40.753153,-84.903784
sim_04,sim_04_positive_004,positive,2024-12-27,40.082176,-84.845166
sim_04,sim_04_positive_005,positive,2024-12-27,40.154854,-84.571458
sim_04,sim_04_positive_006,positive,2024-12-27,40.634126,-84.712283
sim_04,sim_04_positive_007,positive,2024-12-31,40.328858,-84.869916
sim_04,sim_04_positive_008,positive,2025-01-01,39.994106,-84.302295
sim_04,sim_04_positive_009,positive,2025-01-02,40.788768,-84.953535
sim_04,sim_04_positive_010,positive,2025-01-02,40.689714,-84.483881
sim_04,sim_04_positive_011,positive,2025-01-02,40.756171,-85.022785
sim_04,sim_04_positive_012,positive,2025-01-15,40.435466,-84.605287
sim_04,sim_04_positive_013,positive,2025-01-16,40.419901,-84.761983
sim_04,sim_04_positive_014,positive,2025-01-16,40.20806,-84.624366
sim_04,sim_04_positive_015,positive,2025-01-16,40.102644,-84.486381
sim_04,sim_04_positive_016,positive,2025-01-17,40.395648,-84.437547
sim_04,sim_04_positive_017,positive,2025-01-17,40.561745,-84.645005
sim_04,sim_04_positive_018,positive,2025-01-18,40.345014,-84.914709
sim_04,sim_04_positive_019,positive,2025-01-19,40.44397,-84.566844
sim_04,sim_04_positive_020,positive,2025-01-20,40.512923,-84.639881
sim_04,sim_04_positive_021,positive,2025-01-20,40.542939,-84.847548
sim_04,sim_04_positive_022,positive,2025-01-21,40.600509,-84.741153
sim_04,sim_04_positive_023,positive,2025-01-21,40.34046,-84.461324
sim_04,sim_04_positive_024,positive,2025-01-22,40.653366,-84.964309
sim_04,sim_04_positive_025,positive,2025-01-22,40.552105,-84.567061
sim_04,sim_04_positive_026,positive,2025-01-22,40.538917,-84.944312
sim_04,sim_04_positive_027,positive,2025-01-23,40.828819,-85.046439
sim_04,sim_04_positive_028,positive,2025-01-23,40.647157,-85.197886
sim_04,sim_04_positive_029,positive,2025-01-23,40.625789,-84.781289
sim_04,sim_04_positive_030,positive,2025-01-23,40.278776,-84.611131
sim_04,sim_04_positive_031,positive,2025-01-26,40.071514,-84.40022
sim_04,sim_04_positive_032,positive,2025-01-26,40.586593,-84.508973
sim_04,sim_04_positive_033,positive,2025-01-27,40.42904,-84.783839
sim_04,sim_04_positive_034,positive,2025-01-27,40.622372,-84.977768
sim_04,sim_04_positive_035,positive,2025-01-28,40.757159,-84.614386
sim_04,sim_04_positive_036,positive,2025-01-28,40.608463,-84.721907
sim_04,sim_04_positive_037,positive,2025-01-29,40.560196,-84.879117
sim_04,sim_04_positive_038,positive,2025-01-30,40.345222,-84.472564
sim_04,sim_04_positive_039,positive,2025-01-30,40.617987,-85.107257
sim_04,sim_04_positive_040,positive,2025-01-31,40.279596,-84.467209
sim_04,sim_04_positive_041,positive,2025-01-31,40.595368,-84.503925
sim_04,sim_04_positive_042,positive,2025-02-01,40.237001,-84.765407
sim_04,sim_04_positive_043,positive,2025-02-01,40.512716,-84.6915
sim_04,sim_04_positive_044,positive,2025-02-03,40.481534,-85.170942
sim_04,sim_04_positive_045,positive,2025-02-04,40.287789,-84.756288
sim_04,sim_04_positive_046,positive,2025-02-04,40.564513,-85.035708
sim_04,sim_04_positive_047,positive,2025-02-04,40.331059,-84.534489
sim_04,sim_04_positive_048,positive,2025-02-06,40.187247,-84.383366
sim_04,sim_04_positive_049,positive,2025-02-07,40.617986,-84.938115
sim_04,sim_04_positive_050,positive,2025-02-08,39.92844,-84.347501
sim_04,sim_04_positive_051,positive,2025-02-08,40.262665,-84.34177
sim_04,sim_04_positive_052,positive,2025-02-09,40.166436,-84.723793
sim_04,sim_04_positive_053,positive,2025-02-11,40.770021,-84.791087
sim_04,sim_04_positive_054,positive,2025-02-12,40.704178,-84.62111
sim_04,sim_04_positive_055,positive,2025-02-14,40.400067,-84.680565
sim_04,sim_04_positive_056,positive,2025-02-15,40.740048,-84.918935
sim_04,sim_04_positive_057,positive,2025-02-15,40.134992,-84.55348
sim_04,sim_04_positive_058,positive,2025-02-19,40.677743,-84.810772
sim_04,sim_04_positive_059,positive,2025-02-20,40.298842,-84.261816
sim_04,sim_04_positive_060,positive,2025-02-21,40.696191,-84.972502
sim_04,sim_04_positive_061,positive,2025-02-22,40.608466,-84.852651
sim_04,sim_04_positive_062,positive,2025-02-23,40.559245,-84.746669
sim_04,sim_04_positive_063,positive,2025-02-23,40.499665,-84.825576
sim_04,sim_04_positive_064,positive,2025-02-23,40.385249,-84.422341
sim_04,sim_04_positive_065,positive,2025-02-27,40.635442,-84.823041
sim_04,sim_04_positive_066,positive,2025-02-28,40.468603,-84.798934
sim_04,sim_04_positive_067,positive,2025-03-01,40.272088,-84.666118
sim_04,sim_04_positive_068,positive,2025-03-02,40.365502,-84.586215
sim_04,sim_04_positive_069,positive,2025-03-03,40.277867,-84.791474
sim_04,sim_04_positive_070,positive,2025-03-06,40.205404,-84.892211
sim_04,sim_04_positive_071,positive,2025-03-06,40.682303,-85.056128
sim_04,sim_04_positive_072,positive,2025-03-07,40.838798,-85.043874
sim_04,sim_04_positive_073,positive,2025-03-10,40.801822,-85.110301
sim_04,sim_04_positive_074,positive,2025-03-12,40.350868,-84.443705
sim_04,sim_04_positive_075,positive,2025-03-12,40.608108,-85.333529
sim_04,sim_04_positive_076,positive,2025-03-15,40.720448,-85.1002
sim_04,sim_04_positive_077,positive,2025-03-15,40.031673,-84.406171
sim_04,sim_04_positive_078,positive,2025-03-16,40.329094,-84.981694
